"Path","Name","Ext","Size" 
"C:\Users\Mahdi\Desktop\Basij-Site\6.7.4\.gitignore",""=""",".gitignore","147" 
"C:\Users\Mahdi\Desktop\Basij-Site\6.7.4\cards-form.html","cards-form",".html","15895" 
"C:\Users\Mahdi\Desktop\Basij-Site\6.7.4\cards-scripts.js","cards-scripts",".js","14984" 
"C:\Users\Mahdi\Desktop\Basij-Site\6.7.4\cards-styles.css","cards-styles",".css","14621" 
"C:\Users\Mahdi\Desktop\Basij-Site\6.7.4\index.html","index",".html","11001" 
"C:\Users\Mahdi\Desktop\Basij-Site\6.7.4\list.csv","list",".csv","460" 
"C:\Users\Mahdi\Desktop\Basij-Site\6.7.4\package.json","package",".json","355" 
"C:\Users\Mahdi\Desktop\Basij-Site\6.7.4\payment-form.html","payment-form",".html","4658" 
"C:\Users\Mahdi\Desktop\Basij-Site\6.7.4\payment-scripts.js","payment-scripts",".js","43786" 
"C:\Users\Mahdi\Desktop\Basij-Site\6.7.4\payment-styles.css","payment-styles",".css","10379" 
"C:\Users\Mahdi\Desktop\Basij-Site\6.7.4\ScanFilesToCsv.bat","ScanFilesToCsv",".bat","809" 
"C:\Users\Mahdi\Desktop\Basij-Site\6.7.4\.git\COMMIT_EDITMSG","COMMIT_EDITMSG",""=""","5416" 
"C:\Users\Mahdi\Desktop\Basij-Site\6.7.4\.git\config","config",""=""","224" 
"C:\Users\Mahdi\Desktop\Basij-Site\6.7.4\.git\description","description",""=""","73" 
"C:\Users\Mahdi\Desktop\Basij-Site\6.7.4\.git\HEAD","HEAD",""=""","21" 
"C:\Users\Mahdi\Desktop\Basij-Site\6.7.4\.git\index","index",""=""","9042" 
"C:\Users\Mahdi\Desktop\Basij-Site\6.7.4\.git\hooks\applypatch-msg.sample","applypatch-msg",".sample","478" 
"C:\Users\Mahdi\Desktop\Basij-Site\6.7.4\.git\hooks\commit-msg.sample","commit-msg",".sample","896" 
"C:\Users\Mahdi\Desktop\Basij-Site\6.7.4\.git\hooks\fsmonitor-watchman.sample","fsmonitor-watchman",".sample","4726" 
"C:\Users\Mahdi\Desktop\Basij-Site\6.7.4\.git\hooks\post-update.sample","post-update",".sample","189" 
"C:\Users\Mahdi\Desktop\Basij-Site\6.7.4\.git\hooks\pre-applypatch.sample","pre-applypatch",".sample","424" 
"C:\Users\Mahdi\Desktop\Basij-Site\6.7.4\.git\hooks\pre-commit.sample","pre-commit",".sample","1649" 
"C:\Users\Mahdi\Desktop\Basij-Site\6.7.4\.git\hooks\pre-merge-commit.sample","pre-merge-commit",".sample","416" 
"C:\Users\Mahdi\Desktop\Basij-Site\6.7.4\.git\hooks\pre-push.sample","pre-push",".sample","1374" 
"C:\Users\Mahdi\Desktop\Basij-Site\6.7.4\.git\hooks\pre-rebase.sample","pre-rebase",".sample","4898" 
"C:\Users\Mahdi\Desktop\Basij-Site\6.7.4\.git\hooks\pre-receive.sample","pre-receive",".sample","544" 
"C:\Users\Mahdi\Desktop\Basij-Site\6.7.4\.git\hooks\prepare-commit-msg.sample","prepare-commit-msg",".sample","1492" 
"C:\Users\Mahdi\Desktop\Basij-Site\6.7.4\.git\hooks\push-to-checkout.sample","push-to-checkout",".sample","2783" 
"C:\Users\Mahdi\Desktop\Basij-Site\6.7.4\.git\hooks\sendemail-validate.sample","sendemail-validate",".sample","2308" 
"C:\Users\Mahdi\Desktop\Basij-Site\6.7.4\.git\hooks\update.sample","update",".sample","3650" 
"C:\Users\Mahdi\Desktop\Basij-Site\6.7.4\.git\info\exclude","exclude",""=""","240" 
"C:\Users\Mahdi\Desktop\Basij-Site\6.7.4\.git\objects\01\0aebb74f6a1a890a9a5955ea37b05936e65723","0aebb74f6a1a890a9a5955ea37b05936e65723",""=""","387" 
"C:\Users\Mahdi\Desktop\Basij-Site\6.7.4\.git\objects\01\72107258a7f205a2a8fa8a54b342d32214ab18","72107258a7f205a2a8fa8a54b342d32214ab18",""=""","334" 
"C:\Users\Mahdi\Desktop\Basij-Site\6.7.4\.git\objects\04\232bc73de9086c009000d0c2b5186a51ec5982","232bc73de9086c009000d0c2b5186a51ec5982",""=""","2914" 
"C:\Users\Mahdi\Desktop\Basij-Site\6.7.4\.git\objects\05\8459509b4c70a564c1b757dd458e62dcacbd0a","8459509b4c70a564c1b757dd458e62dcacbd0a",""=""","644274" 
"C:\Users\Mahdi\Desktop\Basij-Site\6.7.4\.git\objects\09\f619b18e09bac5e4e5ec8998054950492423bc","f619b18e09bac5e4e5ec8998054950492423bc",""=""","64018" 
"C:\Users\Mahdi\Desktop\Basij-Site\6.7.4\.git\objects\0c\20fd4c127b37764a4fd864c89e1aaaf4a55227","20fd4c127b37764a4fd864c89e1aaaf4a55227",""=""","67287" 
"C:\Users\Mahdi\Desktop\Basij-Site\6.7.4\.git\objects\14\ee57ff1d8a74a1395d6c23ee74ba03d7987224","ee57ff1d8a74a1395d6c23ee74ba03d7987224",""=""","537315" 
"C:\Users\Mahdi\Desktop\Basij-Site\6.7.4\.git\objects\16\5dfa62edbe87d75fb1a00d64630c83686c5b01","5dfa62edbe87d75fb1a00d64630c83686c5b01",""=""","22723" 
"C:\Users\Mahdi\Desktop\Basij-Site\6.7.4\.git\objects\16\86e22b703955bfaf3ed0876f0f623bff5a6d6a","86e22b703955bfaf3ed0876f0f623bff5a6d6a",""=""","977" 
"C:\Users\Mahdi\Desktop\Basij-Site\6.7.4\.git\objects\16\f90d06877cbcb5c270526bfbccf277c17977e1","f90d06877cbcb5c270526bfbccf277c17977e1",""=""","3792" 
"C:\Users\Mahdi\Desktop\Basij-Site\6.7.4\.git\objects\1c\e87021f5ee5d80a44504fea8cfd80d538db59a","e87021f5ee5d80a44504fea8cfd80d538db59a",""=""","110629" 
"C:\Users\Mahdi\Desktop\Basij-Site\6.7.4\.git\objects\1f\48e523a44c2c95571842ba83c99de37dc75400","48e523a44c2c95571842ba83c99de37dc75400",""=""","2577" 
"C:\Users\Mahdi\Desktop\Basij-Site\6.7.4\.git\objects\1f\f7927386f35991e9aa790302d7cd076a7f984a","f7927386f35991e9aa790302d7cd076a7f984a",""=""","11914" 
"C:\Users\Mahdi\Desktop\Basij-Site\6.7.4\.git\objects\29\e255bb1e2ea2f5fad801c35bf7f7c432c16e31","e255bb1e2ea2f5fad801c35bf7f7c432c16e31",""=""","238" 
"C:\Users\Mahdi\Desktop\Basij-Site\6.7.4\.git\objects\30\6867da3d50dbf1916def71a1e29602ffb76e82","6867da3d50dbf1916def71a1e29602ffb76e82",""=""","608644" 
"C:\Users\Mahdi\Desktop\Basij-Site\6.7.4\.git\objects\30\7b23b3e7943a50050f49c4da28825a6660fee0","7b23b3e7943a50050f49c4da28825a6660fee0",""=""","379" 
"C:\Users\Mahdi\Desktop\Basij-Site\6.7.4\.git\objects\31\02ac9f04c041f040dfef9d30a2cb305658fe34","02ac9f04c041f040dfef9d30a2cb305658fe34",""=""","83735" 
"C:\Users\Mahdi\Desktop\Basij-Site\6.7.4\.git\objects\34\ea4d192750264588fb54c41ffbb93c23b0eb2f","ea4d192750264588fb54c41ffbb93c23b0eb2f",""=""","1034" 
"C:\Users\Mahdi\Desktop\Basij-Site\6.7.4\.git\objects\3c\7ebe94e3a73a102c3bf26125204b4d6100ff1e","7ebe94e3a73a102c3bf26125204b4d6100ff1e",""=""","263220" 
"C:\Users\Mahdi\Desktop\Basij-Site\6.7.4\.git\objects\3c\ece699a82a87656b12bf18d5dabcbeead5c1f6","ece699a82a87656b12bf18d5dabcbeead5c1f6",""=""","302712" 
"C:\Users\Mahdi\Desktop\Basij-Site\6.7.4\.git\objects\44\5ac8a29599c0678cc0fe301468a7bc61d60d79","5ac8a29599c0678cc0fe301468a7bc61d60d79",""=""","99664" 
"C:\Users\Mahdi\Desktop\Basij-Site\6.7.4\.git\objects\48\065a447f91d5d7a7e3a3a398e57a7182305883","065a447f91d5d7a7e3a3a398e57a7182305883",""=""","28577" 
"C:\Users\Mahdi\Desktop\Basij-Site\6.7.4\.git\objects\49\5af75762ea16d890d9c8af7647be22216f9725","5af75762ea16d890d9c8af7647be22216f9725",""=""","51165" 
"C:\Users\Mahdi\Desktop\Basij-Site\6.7.4\.git\objects\53\016415ab9f67a8deac98dfe4c9cd2e40d922a0","016415ab9f67a8deac98dfe4c9cd2e40d922a0",""=""","51060" 
"C:\Users\Mahdi\Desktop\Basij-Site\6.7.4\.git\objects\59\0ae77fdf3a7947e61fcdfd7f47e428478afe4b","0ae77fdf3a7947e61fcdfd7f47e428478afe4b",""=""","12196" 
"C:\Users\Mahdi\Desktop\Basij-Site\6.7.4\.git\objects\59\a0b92c45f38d8f57e59ba84db9e27e48835ec9","a0b92c45f38d8f57e59ba84db9e27e48835ec9",""=""","1024330" 
"C:\Users\Mahdi\Desktop\Basij-Site\6.7.4\.git\objects\5e\78e0762c3a67a8c5c416a5de87c4833bdd10bc","78e0762c3a67a8c5c416a5de87c4833bdd10bc",""=""","21826" 
"C:\Users\Mahdi\Desktop\Basij-Site\6.7.4\.git\objects\5e\d7e4007b72619a174f30a06f405cc0f5dffd2d","d7e4007b72619a174f30a06f405cc0f5dffd2d",""=""","52475" 
"C:\Users\Mahdi\Desktop\Basij-Site\6.7.4\.git\objects\62\a5ee08028bfc675398284892240ebfd145c3d5","a5ee08028bfc675398284892240ebfd145c3d5",""=""","739" 
"C:\Users\Mahdi\Desktop\Basij-Site\6.7.4\.git\objects\64\31e61d586cb6480a95ee25391e61ea19810466","31e61d586cb6480a95ee25391e61ea19810466",""=""","95271" 
"C:\Users\Mahdi\Desktop\Basij-Site\6.7.4\.git\objects\65\b427f86eba2cfa45900de247bc7cf3294cd1e5","b427f86eba2cfa45900de247bc7cf3294cd1e5",""=""","51057" 
"C:\Users\Mahdi\Desktop\Basij-Site\6.7.4\.git\objects\65\c21a488ac023cb69b5ab3b929d180116ddbcef","c21a488ac023cb69b5ab3b929d180116ddbcef",""=""","112" 
"C:\Users\Mahdi\Desktop\Basij-Site\6.7.4\.git\objects\66\55c753ce970592f6789748aff089bd29263898","55c753ce970592f6789748aff089bd29263898",""=""","4475" 
"C:\Users\Mahdi\Desktop\Basij-Site\6.7.4\.git\objects\66\65eef02cc83182e43c63b57322dd9c71fe79b2","65eef02cc83182e43c63b57322dd9c71fe79b2",""=""","401" 
"C:\Users\Mahdi\Desktop\Basij-Site\6.7.4\.git\objects\6a\a1dd7f8bf60e2dcfe7ac603c0cf15e53e2cdd9","a1dd7f8bf60e2dcfe7ac603c0cf15e53e2cdd9",""=""","136" 
"C:\Users\Mahdi\Desktop\Basij-Site\6.7.4\.git\objects\6b\2fc72edc777340aa7d753fbc2bc4d562f01f9b","2fc72edc777340aa7d753fbc2bc4d562f01f9b",""=""","116406" 
"C:\Users\Mahdi\Desktop\Basij-Site\6.7.4\.git\objects\6e\57d2ed0ce3a630abc44183dbe97fe3861213a8","57d2ed0ce3a630abc44183dbe97fe3861213a8",""=""","535" 
"C:\Users\Mahdi\Desktop\Basij-Site\6.7.4\.git\objects\71\e5743df35e7c369696363b33d442c4ef7ff98c","e5743df35e7c369696363b33d442c4ef7ff98c",""=""","21466" 
"C:\Users\Mahdi\Desktop\Basij-Site\6.7.4\.git\objects\73\1e146cf32fc986a96d50d05b128aec80ce074f","1e146cf32fc986a96d50d05b128aec80ce074f",""=""","198358" 
"C:\Users\Mahdi\Desktop\Basij-Site\6.7.4\.git\objects\73\518d8325bce6119889eeb106b0783607e0a1d8","518d8325bce6119889eeb106b0783607e0a1d8",""=""","48" 
"C:\Users\Mahdi\Desktop\Basij-Site\6.7.4\.git\objects\73\a6b2cd407b44a078267449b5af03a5b77dcfc4","a6b2cd407b44a078267449b5af03a5b77dcfc4",""=""","1127" 
"C:\Users\Mahdi\Desktop\Basij-Site\6.7.4\.git\objects\76\1939ad90a490d5433fffc16cb51f5b765c8ca7","1939ad90a490d5433fffc16cb51f5b765c8ca7",""=""","163543" 
"C:\Users\Mahdi\Desktop\Basij-Site\6.7.4\.git\objects\7c\3928d09181dec671a7d7c7335351a087a5321a","3928d09181dec671a7d7c7335351a087a5321a",""=""","8876" 
"C:\Users\Mahdi\Desktop\Basij-Site\6.7.4\.git\objects\7e\f40d9b04b3ae5a1ae5b42b323e7aca0dd3b1c0","f40d9b04b3ae5a1ae5b42b323e7aca0dd3b1c0",""=""","74993" 
"C:\Users\Mahdi\Desktop\Basij-Site\6.7.4\.git\objects\8f\82e07c58cbc8f90a5c29df383134a798aa843b","82e07c58cbc8f90a5c29df383134a798aa843b",""=""","295" 
"C:\Users\Mahdi\Desktop\Basij-Site\6.7.4\.git\objects\99\7dea07b70c1985f36833045647fa2d4eb924fa","7dea07b70c1985f36833045647fa2d4eb924fa",""=""","51305" 
"C:\Users\Mahdi\Desktop\Basij-Site\6.7.4\.git\objects\9a\60ceaee408415ecf33d507bc2c7220c96dd8ec","60ceaee408415ecf33d507bc2c7220c96dd8ec",""=""","84491" 
"C:\Users\Mahdi\Desktop\Basij-Site\6.7.4\.git\objects\9b\2b9ac8ae88a4416a78934c23975e92f913e05e","2b9ac8ae88a4416a78934c23975e92f913e05e",""=""","15453" 
"C:\Users\Mahdi\Desktop\Basij-Site\6.7.4\.git\objects\9f\fd4b22fced46cbe121a4c6586902af8dc038dd","fd4b22fced46cbe121a4c6586902af8dc038dd",""=""","70" 
"C:\Users\Mahdi\Desktop\Basij-Site\6.7.4\.git\objects\a2\18766a196794e23aadb0df580ad93eb3a48332","18766a196794e23aadb0df580ad93eb3a48332",""=""","57010" 
"C:\Users\Mahdi\Desktop\Basij-Site\6.7.4\.git\objects\a4\64c6732ec9fa9ef5cf78917d42f90f2200eb58","64c6732ec9fa9ef5cf78917d42f90f2200eb58",""=""","59" 
"C:\Users\Mahdi\Desktop\Basij-Site\6.7.4\.git\objects\a5\01289a85595158570b0c2badcb4608b042e748","01289a85595158570b0c2badcb4608b042e748",""=""","111205" 
"C:\Users\Mahdi\Desktop\Basij-Site\6.7.4\.git\objects\a5\defc234ec8cd7931348f512a8ab3692e55fa8d","defc234ec8cd7931348f512a8ab3692e55fa8d",""=""","4112" 
"C:\Users\Mahdi\Desktop\Basij-Site\6.7.4\.git\objects\a5\e4f957dd7ca7cb39afd450dbe12f4a9e6f6736","e4f957dd7ca7cb39afd450dbe12f4a9e6f6736",""=""","552" 
"C:\Users\Mahdi\Desktop\Basij-Site\6.7.4\.git\objects\a8\3bef03dca757a06b014750a090e10b4c20096c","3bef03dca757a06b014750a090e10b4c20096c",""=""","131461" 
"C:\Users\Mahdi\Desktop\Basij-Site\6.7.4\.git\objects\b4\6758ad3a8b955c44152a1a54e9b656f70e7ba1","6758ad3a8b955c44152a1a54e9b656f70e7ba1",""=""","8995" 
"C:\Users\Mahdi\Desktop\Basij-Site\6.7.4\.git\objects\b7\a6a37be92a8f6c78ab29f28e99d2b2701d6c76","a6a37be92a8f6c78ab29f28e99d2b2701d6c76",""=""","8896" 
"C:\Users\Mahdi\Desktop\Basij-Site\6.7.4\.git\objects\b7\df278265c94714acfac44b22f97baf4d509874","df278265c94714acfac44b22f97baf4d509874",""=""","50833" 
"C:\Users\Mahdi\Desktop\Basij-Site\6.7.4\.git\objects\bc\c95cb3b6c1baf20ffd34b378b8ea23b33db5af","c95cb3b6c1baf20ffd34b378b8ea23b33db5af",""=""","166" 
"C:\Users\Mahdi\Desktop\Basij-Site\6.7.4\.git\objects\bd\f3dfcb8c273eeb0f3c6ec534c4b03f83db5918","f3dfcb8c273eeb0f3c6ec534c4b03f83db5918",""=""","872997" 
"C:\Users\Mahdi\Desktop\Basij-Site\6.7.4\.git\objects\c0\74e70fcd70459f8ffb4c6d4ecd5448197ea4a7","74e70fcd70459f8ffb4c6d4ecd5448197ea4a7",""=""","51157" 
"C:\Users\Mahdi\Desktop\Basij-Site\6.7.4\.git\objects\c9\824c872b3b4f2eb13a102748f8ef1a6ef97da0","824c872b3b4f2eb13a102748f8ef1a6ef97da0",""=""","50721" 
"C:\Users\Mahdi\Desktop\Basij-Site\6.7.4\.git\objects\c9\8b288c88a3be61a13cc731eb2fc7f062aac946","8b288c88a3be61a13cc731eb2fc7f062aac946",""=""","76965" 
"C:\Users\Mahdi\Desktop\Basij-Site\6.7.4\.git\objects\ce\00e524db7407c0c8633d6838734940bf3c1d51","00e524db7407c0c8633d6838734940bf3c1d51",""=""","81255" 
"C:\Users\Mahdi\Desktop\Basij-Site\6.7.4\.git\objects\d1\2b942bf657521cd1191bb3554b18d3739e4b17","2b942bf657521cd1191bb3554b18d3739e4b17",""=""","200432" 
"C:\Users\Mahdi\Desktop\Basij-Site\6.7.4\.git\objects\d1\54722a60c07c8ee3da789bef46354d9d0166eb","54722a60c07c8ee3da789bef46354d9d0166eb",""=""","51217" 
"C:\Users\Mahdi\Desktop\Basij-Site\6.7.4\.git\objects\d3\4d6e2f6d88435c5162d414703ee5fac7b77e2d","4d6e2f6d88435c5162d414703ee5fac7b77e2d",""=""","76331" 
"C:\Users\Mahdi\Desktop\Basij-Site\6.7.4\.git\objects\d4\c230b6e36774b3162b6d0589e89ca62bf5838a","c230b6e36774b3162b6d0589e89ca62bf5838a",""=""","3241" 
"C:\Users\Mahdi\Desktop\Basij-Site\6.7.4\.git\objects\d7\c9cef6424d0923d26b92f0bca1dd47210f06d9","c9cef6424d0923d26b92f0bca1dd47210f06d9",""=""","536981" 
"C:\Users\Mahdi\Desktop\Basij-Site\6.7.4\.git\objects\d8\c812046c381094e3c2a9d39217ad103496869a","c812046c381094e3c2a9d39217ad103496869a",""=""","4486" 
"C:\Users\Mahdi\Desktop\Basij-Site\6.7.4\.git\objects\dc\f2857b8a1e0386e73ff3a5a108b7e67496cddb","f2857b8a1e0386e73ff3a5a108b7e67496cddb",""=""","248" 
"C:\Users\Mahdi\Desktop\Basij-Site\6.7.4\.git\objects\de\38580473729f40fe161a0a771c022d31a39341","38580473729f40fe161a0a771c022d31a39341",""=""","1544" 
"C:\Users\Mahdi\Desktop\Basij-Site\6.7.4\.git\objects\df\3fe8df4734bc9ecc1177d8fb27379680915106","3fe8df4734bc9ecc1177d8fb27379680915106",""=""","146" 
"C:\Users\Mahdi\Desktop\Basij-Site\6.7.4\.git\objects\e0\04ea382c02761221c6bcb795e59f0d929600ba","04ea382c02761221c6bcb795e59f0d929600ba",""=""","54398" 
"C:\Users\Mahdi\Desktop\Basij-Site\6.7.4\.git\objects\e6\bbe5a6c05cd55f1dc849dec354909e64b51121","bbe5a6c05cd55f1dc849dec354909e64b51121",""=""","706" 
"C:\Users\Mahdi\Desktop\Basij-Site\6.7.4\.git\objects\f0\8cace8de6750fa3b1535eea651d9ac4b4d7d14","8cace8de6750fa3b1535eea651d9ac4b4d7d14",""=""","50605" 
"C:\Users\Mahdi\Desktop\Basij-Site\6.7.4\.git\objects\f1\90dd3a4d6120981f133d9afba725e5161ff339","90dd3a4d6120981f133d9afba725e5161ff339",""=""","66595" 
"C:\Users\Mahdi\Desktop\Basij-Site\6.7.4\.git\objects\f2\40007707e7b81f18688174192b724c4a406ea6","40007707e7b81f18688174192b724c4a406ea6",""=""","263091" 
"C:\Users\Mahdi\Desktop\Basij-Site\6.7.4\.git\objects\f7\f5ace79615ad82480297b5663f334696dbe0de","f5ace79615ad82480297b5663f334696dbe0de",""=""","3396" 
"C:\Users\Mahdi\Desktop\Basij-Site\6.7.4\.git\objects\f9\e21b3fc2725d8230cd3f69b9608fee7cbdead5","e21b3fc2725d8230cd3f69b9608fee7cbdead5",""=""","331127" 
"C:\Users\Mahdi\Desktop\Basij-Site\6.7.4\.git\objects\fb\e06d28a9e29a8bfb36b358dbf4cec504643c2e","e06d28a9e29a8bfb36b358dbf4cec504643c2e",""=""","224955" 
"C:\Users\Mahdi\Desktop\Basij-Site\6.7.4\.git\objects\fd\0234d85d7614f9efa86eb602a5d2f03d8850c8","0234d85d7614f9efa86eb602a5d2f03d8850c8",""=""","122" 
"C:\Users\Mahdi\Desktop\Basij-Site\6.7.4\.git\objects\fe\d5c6397baaa5d231e9011a366afd9f7628d3e3","d5c6397baaa5d231e9011a366afd9f7628d3e3",""=""","205241" 
"C:\Users\Mahdi\Desktop\Basij-Site\6.7.4\.git\objects\ff\32345578f657f0a8f99977e66e8c36ae58f5a0","32345578f657f0a8f99977e66e8c36ae58f5a0",""=""","67376" 
"C:\Users\Mahdi\Desktop\Basij-Site\6.7.4\assets\vendor\chunk-HDDX7F4A.mjs","chunk-HDDX7F4A",".mjs","597" 
"C:\Users\Mahdi\Desktop\Basij-Site\6.7.4\assets\vendor\chunk-HDDX7F4A.mjs.map","chunk-HDDX7F4A.mjs",".map","1483" 
"C:\Users\Mahdi\Desktop\Basij-Site\6.7.4\assets\vendor\chunk-ODPU3M3Z.mjs","chunk-ODPU3M3Z",".mjs","25420" 
"C:\Users\Mahdi\Desktop\Basij-Site\6.7.4\assets\vendor\chunk-ODPU3M3Z.mjs.map","chunk-ODPU3M3Z.mjs",".map","192841" 
"C:\Users\Mahdi\Desktop\Basij-Site\6.7.4\assets\vendor\chunk-TRZ6EGBZ.mjs","chunk-TRZ6EGBZ",".mjs","60063" 
"C:\Users\Mahdi\Desktop\Basij-Site\6.7.4\assets\vendor\chunk-TRZ6EGBZ.mjs.map","chunk-TRZ6EGBZ.mjs",".map","318955" 
"C:\Users\Mahdi\Desktop\Basij-Site\6.7.4\assets\vendor\chunk-ZWH2ESXT.mjs","chunk-ZWH2ESXT",".mjs","296" 
"C:\Users\Mahdi\Desktop\Basij-Site\6.7.4\assets\vendor\chunk-ZWH2ESXT.mjs.map","chunk-ZWH2ESXT.mjs",".map","71" 
"C:\Users\Mahdi\Desktop\Basij-Site\6.7.4\assets\vendor\dotlottie-audio-75C54RUV.mjs","dotlottie-audio-75C54RUV",".mjs","37203" 
"C:\Users\Mahdi\Desktop\Basij-Site\6.7.4\assets\vendor\dotlottie-audio-75C54RUV.mjs.map","dotlottie-audio-75C54RUV.mjs",".map","71" 
"C:\Users\Mahdi\Desktop\Basij-Site\6.7.4\assets\vendor\dotlottie-player.d.mts","dotlottie-player.d",".mts","7924" 
"C:\Users\Mahdi\Desktop\Basij-Site\6.7.4\assets\vendor\dotlottie-player.d.ts","dotlottie-player.d",".ts","7924" 
"C:\Users\Mahdi\Desktop\Basij-Site\6.7.4\assets\vendor\dotlottie-player.js","dotlottie-player",".js","1917699" 
"C:\Users\Mahdi\Desktop\Basij-Site\6.7.4\assets\vendor\dotlottie-player.js.map","dotlottie-player.js",".map","701656" 
"C:\Users\Mahdi\Desktop\Basij-Site\6.7.4\assets\vendor\dotlottie-player.mjs","dotlottie-player",".mjs","37893" 
"C:\Users\Mahdi\Desktop\Basij-Site\6.7.4\assets\vendor\dotlottie-player.mjs.map","dotlottie-player.mjs",".map","84705" 
"C:\Users\Mahdi\Desktop\Basij-Site\6.7.4\assets\vendor\dotlottie-player.styles.d.mts","dotlottie-player.styles.d",".mts","144" 
"C:\Users\Mahdi\Desktop\Basij-Site\6.7.4\assets\vendor\dotlottie-player.styles.d.ts","dotlottie-player.styles.d",".ts","144" 
"C:\Users\Mahdi\Desktop\Basij-Site\6.7.4\assets\vendor\dotlottie-player.styles.js","dotlottie-player.styles",".js","25755" 
"C:\Users\Mahdi\Desktop\Basij-Site\6.7.4\assets\vendor\dotlottie-player.styles.js.map","dotlottie-player.styles.js",".map","192841" 
"C:\Users\Mahdi\Desktop\Basij-Site\6.7.4\assets\vendor\dotlottie-player.styles.mjs","dotlottie-player.styles",".mjs","168" 
"C:\Users\Mahdi\Desktop\Basij-Site\6.7.4\assets\vendor\dotlottie-player.styles.mjs.map","dotlottie-player.styles.mjs",".map","51" 
